31.607586,58.817524,10.034913,94.883804,74.45246,80.953285,50.45412,62.21268,29.925138,15.934843,19.902914,45.68206,13.307369,66.57536,86.10782,33.69308,73.21745,75.960785,68.505356,66.18829,88.38307,56.727173,85.27978,32.22545,6.6509542,15.673691,70.9921,58.541603,94.11255,64.36952,12.677765,44.004147,37.44489,65.366,13.8780775,3.8256645,74.33512,95.80173,60.936295,38.03165,93.397995,91.85863,97.41102,89.21539,51.093388,40.271847,63.07944,71.20543,55.153423,98.81252,90.224915,31.834274,94.84558,93.55424,77.29289,16.270584,92.502686,64.32314,48.186554,61.910927,69.17759,13.849521,13.148933,28.986609,72.6273,83.928505,47.0963,32.999046,97.25881,1.8191338,5.2443504,33.844627,23.899258,50.930817,79.783455,72.82598,39.571304,55.648495,30.152792,61.285114
32.709335,85.3262,72.14005,74.76059,42.851837,76.74012,5.659527,13.604111,22.764576,17.656612,79.766235,56.942158,18.721468,91.96992,7.4377832,71.5994,16.39427,44.742596,37.154026,83.78769,37.13767,14.396774,87.64254,79.49622,5.6262493,0.52496195,44.71522,52.8958,74.58895,85.897896,82.3387,61.805565,67.14294,27.138186,95.46324,99.29121,39.86218,32.409103,50.24735,32.50622,39.699375,88.85759,62.787376,58.504456,11.248082,15.281492,93.98485,54.30516,45.183025,44.707172,93.51206,60.157608,58.210213,80.72288,76.7863,93.718956,75.21774,84.28431,76.31252,94.52696,87.828285,93.37427,62.645866,96.33246,84.062126,35.75213,84.56211,5.980152,51.736565,89.77909,75.873344,75.82891,25.525015,74.969894,24.815601,19.235283,72.81331,2.8343618,97.25741,70.249306
46.718483,0.37631392,57.386513,97.06593,2.5374472,89.27052,88.34246,69.42683,4.691553,89.51009,93.85556,61.376297,99.713776,38.78837,62.767506,58.65558,3.3352613,19.946749,17.851114,83.49688,29.17803,55.688625,4.1819096,55.39111,57.422512,19.950039,20.071554,64.10154,15.128649,81.66196,63.94396,38.143497,78.243866,12.281143,86.27328,78.32283,47.89172,71.86375,58.625103,79.712036,41.0228,28.377987,27.826994,57.443108,35.211266,45.480583,27.283657,0.5238235,38.14199,99.51183,98.448906,14.964789,9.566808,6.701982,1.5384555,52.076977,44.184555,76.54772,97.84218,1.9138575,51.555477,72.34318,87.66426,25.35215,18.891924,90.579865,23.238255,93.90656,66.03608,48.321617,59.247078,54.544777,52.36277,42.982613,93.20602,70.80997,52.517628,68.77213,11.379015,52.583305
13.1648655,5.312294,34.601295,48.752815,44.185047,48.79238,32.938778,71.63727,94.504654,17.014456,93.15758,63.794018,50.989944,4.642624,12.195116,29.182117,66.19676,92.03591,0.9730816,86.7317,31.39438,63.680588,2.7871013,78.17624,30.898417,84.2103,10.028017,69.33672,34.640926,20.394373,42.076523,28.518576,51.92142,15.6804085,79.86988,83.72022,0.83220005,94.60335,31.933945,46.193855,66.90699,42.640293,89.73352,18.595457,79.63847,13.229025,63.211613,66.3755,26.74632,18.324232,30.6166,38.870396,30.111897,67.994896,89.47249,57.244663,2.352488,14.439792,21.20993,98.307594,93.87124,97.99626,32.986443,62.397003,83.237,79.13613,83.086235,18.914425,91.83096,8.288211,36.570866,31.447388,51.316814,42.11869,5.17959,15.276962,80.683914,63.47171,58.54416,20.805573
50.975437,25.665659,25.341839,47.22687,19.50665,88.71508,44.87751,9.58454,92.12427,84.07127,57.641155,30.031364,39.1421,69.729904,2.5712073,29.216259,16.858143,73.43558,98.07177,17.72207,77.423904,67.927666,41.34845,49.588036,32.27154,48.73955,48.4729,2.2294104,41.84229,57.315254,46.951027,99.375786,62.0996,95.78946,8.708715,38.664925,87.91132,45.6447,98.63744,23.738934,98.070946,31.883366,0.54014325,15.394735,56.282635,63.914288,45.925743,98.6549,38.20662,50.94757,3.1232178,36.473076,94.5607,95.525536,15.189439,27.909386,83.772385,46.410267,99.69752,73.55571,0.810194,69.23224,25.406563,46.12199,29.18927,18.224,57.78229,74.588684,64.9058,58.47506,54.17809,39.17497,19.929636,59.218323,91.07657,87.36882,51.160175,13.777065,10.073519,72.026146
72.274055,20.358425,80.26372,67.49794,61.07598,4.5826197,35.427795,83.12547,45.776737,74.50503,62.04945,92.30381,38.60281,62.254124,84.90504,64.51773,34.384846,33.91546,31.016708,94.976364,31.940317,96.89817,99.46109,97.20237,95.37995,27.995342,37.259174,66.46871,5.7136354,7.274514,22.778214,52.434696,66.65727,14.704716,4.259533,46.638096,5.257803,15.248644,87.81179,1.3909042,32.33104,81.54214,36.107254,40.652878,10.782534,34.080284,34.780098,97.982635,84.25224,90.1748,30.904705,51.867233,83.3493,23.29777,8.744753,12.595188,92.747314,32.551987,68.089165,18.166203,96.877464,91.989624,24.870945,98.13676,43.734108,95.73425,91.40242,75.20941,70.80679,87.05239,82.52265,64.02414,21.344364,77.68957,66.36834,47.052563,66.57825,43.26512,55.539818,18.593979
15.27915,56.95273,51.3928,82.301674,87.75573,78.018486,85.360565,15.916639,10.346765,95.31375,84.97934,12.255657,28.396202,85.10827,56.09321,9.103113,71.98003,44.595222,58.057606,6.4188185,47.185833,19.209927,36.208893,68.93386,76.002625,36.098503,10.050797,40.315407,5.8951855,65.48331,30.217457,74.00139,43.511814,54.442913,60.062057,70.71435,99.86624,57.213158,95.50529,16.547024,32.467503,36.291725,60.438736,34.17294,25.52967,38.473534,44.455357,96.7854,6.425208,88.85331,38.977345,46.23407,75.36045,68.51094,70.0362,97.74853,47.823334,93.06515,78.160934,80.66239,24.21549,29.873217,4.237771,42.54459,8.332557,42.013187,65.07449,50.78057,72.65675,33.2682,43.04869,36.414837,91.99799,66.40843,34.02295,98.267555,42.648846,8.718186,49.110775,87.08543
48.25236,15.837121,15.380186,18.706614,78.92978,34.78322,73.753044,78.64898,11.35109,97.02056,98.82639,17.721588,95.389305,85.45838,23.798965,46.574356,60.37783,18.465012,16.885149,96.71567,19.948774,67.80718,35.35695,64.43097,89.69171,54.651714,55.55012,13.0278225,33.72225,82.47521,6.7456303,6.527686,73.535126,22.311575,2.7958035,45.747578,70.648186,63.935272,85.77179,94.90422,80.49361,56.34865,52.89493,25.479912,42.316566,47.647167,2.7702808,73.976555,43.596954,83.62095,94.71971,54.027603,79.37631,67.27247,90.13161,81.62602,20.073532,19.056828,25.58245,48.259266,35.693066,6.666523,31.484287,1.6349733,81.11709,50.47955,48.675476,91.35692,84.33747,18.577034,39.265545,89.110306,56.49839,36.032303,31.79875,64.18809,45.519382,74.8105,68.105194,57.899315
21.45145,11.240339,27.817804,59.722645,25.743448,31.085026,33.264183,6.9907546,53.9867,91.5166,83.17341,54.216026,14.746833,73.8698,18.31032,41.507088,9.631432,60.311554,89.76818,20.305656,82.189766,66.218735,24.280565,13.13237,57.570087,53.127625,67.68454,19.218618,39.605034,24.937784,33.770283,64.68334,97.25499,83.263084,1.4419377,1.9641638,84.77247,42.382343,37.706436,14.019698,27.78046,6.419754,90.880554,82.68554,25.469738,12.763393,0.0031411648,53.602726,73.661224,88.20358,19.262308,21.271265,87.46097,35.047867,15.864325,73.749756,80.12838,21.066296,85.809105,66.87699,47.61963,42.37087,53.189636,39.99531,78.65402,35.381496,97.652,69.18459,97.24267,51.334454,53.356205,67.95784,89.13833,63.11732,67.044,60.026157,32.89762,33.649456,7.5902996,42.724438
69.040344,41.96306,13.693041,44.426147,92.55489,87.284294,18.209171,24.004286,41.706554,92.786095,29.200613,17.165936,3.292364,24.616224,0.20497441,63.164448,36.24896,63.9404,20.845436,38.65049,83.519806,1.0380983,77.95893,33.75042,49.54694,12.217199,15.33044,62.158073,47.45551,79.055084,84.31537,43.206768,97.29496,82.122955,69.61529,3.479308,92.49797,60.113464,74.81164,50.251644,55.490707,52.689465,5.5854616,83.50283,11.170399,19.23517,28.55134,59.722168,6.356019,44.16521,58.06303,54.4807,58.476086,45.989037,19.024723,4.695958,93.405525,15.706837,1.5428662,41.507256,22.787815,29.411661,3.1214476,54.30748,59.225708,39.583977,0.042313337,92.17104,93.80462,24.1978,94.64737,4.915923,86.499535,7.430315,6.5808177,29.390251,94.64438,0.8122623,59.848446,22.144896
87.90972,9.718257,24.060322,45.117725,46.800888,13.132447,96.761154,1.8022656,93.7761,30.90406,27.695883,55.902542,66.4792,13.812315,37.650333,8.801889,67.630486,19.584911,40.649952,65.22087,48.733234,9.76612,44.361675,34.947216,39.404774,25.528854,49.15271,42.039616,81.86457,78.00183,50.107605,88.79999,83.505936,43.58315,41.14465,30.252092,48.702003,55.49147,38.021572,93.84568,84.77414,68.23596,53.356636,49.425865,13.666004,75.847466,36.757267,24.7804,29.167837,42.001076,15.746445,33.728497,64.93277,50.2813,56.475704,55.98243,27.992243,75.81459,89.3398,82.94795,79.54763,80.65258,84.75434,31.094772,34.585617,30.277317,3.777796,67.19997,5.99761,48.37387,11.269111,88.13339,40.600006,72.84599,14.251405,35.2156,13.538277,44.518536,52.54136,90.64906
45.360977,67.970924,14.007926,25.02796,40.47998,93.68595,3.6082566,22.209156,76.263565,14.697438,58.242775,65.42785,84.67398,77.01035,52.16659,98.828735,0.7591665,19.392664,77.94427,86.733826,18.598783,78.15683,52.556335,41.968887,11.210889,80.029106,88.13778,30.22303,78.73256,60.22978,71.89158,33.333355,82.742455,62.850754,23.979532,56.994873,74.307304,31.226301,88.71318,41.932686,1.1784494,72.267,70.27932,9.090435,84.075836,70.99903,45.728535,73.74879,33.271366,50.464325,85.28523,68.36626,61.382656,73.649864,32.52042,44.82056,64.63349,94.49512,57.942455,91.92194,47.615147,5.858201,1.5484035,19.685,62.139435,45.49753,79.342094,76.80681,2.0212948,93.854164,1.3324678,88.84616,27.037626,87.21989,53.70479,21.281588,91.91581,29.579533,44.400032,81.307724
92.60697,89.167595,21.998047,5.0869346,51.45625,30.035866,14.394063,21.193361,85.91723,43.460083,22.164743,6.9713473,9.456068,92.90166,56.681126,41.091995,17.099583,73.87985,63.944508,14.156782,7.111764,66.20705,89.86488,59.003822,81.50642,40.615242,53.39842,55.471165,75.05624,90.18695,21.80174,10.625762,60.23696,24.842918,62.5014,7.552642,15.810853,75.39026,53.031944,4.203677,82.72813,53.565872,2.5455534,81.83132,42.493652,52.705036,2.980703,31.291687,71.457634,17.017061,26.601713,98.9199,57.55151,68.16637,99.85032,23.497433,23.278927,38.458347,55.91525,96.59545,16.319006,98.24579,33.81582,92.6552,94.505325,79.34905,97.86612,97.730484,9.367103,29.77829,84.95288,29.85726,47.583294,1.6278625,99.002144,85.33199,14.889735,82.76459,2.2683024,67.38702
86.04247,63.24641,55.65828,93.273094,17.786663,53.993805,28.269667,26.835758,51.382816,93.112366,86.80359,23.352665,65.636086,24.763393,34.702225,86.54821,80.656586,77.24436,59.011562,41.99419,33.41062,6.9304585,59.3975,2.030313,26.726072,89.21073,41.828423,93.1956,98.57546,98.11036,11.619436,4.065895,24.525011,14.818454,63.317635,88.268,86.11767,79.0458,43.860413,81.02723,46.124775,53.53822,30.188162,97.45165,29.090673,14.001417,71.73072,24.227793,25.003845,27.296179,74.66769,73.67356,4.4183197,8.496035,60.401665,78.153694,45.64177,91.032394,91.1609,84.51175,45.987762,37.766766,86.003746,91.02367,88.406494,18.820465,29.7369,14.8569765,7.470888,84.06614,23.447788,5.3657174,91.676575,34.36257,20.61888,29.813606,45.848953,11.225473,8.32842,63.161808
43.23753,65.318375,14.102674,55.057026,23.27534,60.87475,69.88544,25.600237,41.21403,27.196037,33.7102,40.16574,79.69643,76.291306,34.44037,23.58873,71.14758,84.42804,56.887394,19.3722,11.5608635,47.056686,54.291588,61.919395,30.301739,93.77396,57.185204,73.72705,2.9824913,20.532894,25.743013,97.34013,92.8747,8.336962,64.616234,28.847336,94.88257,44.626556,21.757704,98.77522,50.52184,9.250337,26.758362,93.22004,44.92179,90.391365,79.669014,76.551285,81.43801,36.484814,82.1807,53.45794,26.443123,52.726227,52.448578,36.72279,98.222855,10.246998,89.89614,94.955795,38.18122,42.758602,53.2216,76.45499,99.849075,70.08389,93.798515,9.070367,48.154808,66.45957,97.03638,86.90996,6.2771263,10.077739,39.42154,81.24887,74.94307,30.619167,71.33653,71.19517
85.606834,55.41029,1.8604159,28.455925,17.457699,29.517454,47.15057,16.67189,93.129524,8.094824,28.325891,68.800156,80.35712,43.45913,76.70513,83.284325,29.241539,87.81897,46.55463,61.437077,6.4095917,23.796104,9.984326,82.55843,88.903046,7.6108932,41.178535,50.625946,19.39729,48.14484,2.69925,25.532854,19.173367,53.435814,54.15948,84.24384,1.5632272,4.2120814,81.19808,12.12244,23.326916,81.849495,22.52509,54.111206,78.13843,0.9747684,76.038536,19.278425,50.151424,10.479843,26.89485,23.15855,58.146584,11.916817,35.260807,20.797235,85.252815,52.377216,87.6648,62.7653,85.4689,26.60762,80.84084,37.74356,17.53866,37.16864,12.223148,22.526985,87.061676,24.114042,77.36965,75.191315,88.524925,69.47069,66.19771,94.25819,66.254585,84.56978,40.696346,48.34951
44.70833,98.16019,14.49033,12.214202,78.217636,23.683018,26.088608,39.128418,3.9692402,8.871555,53.73218,52.31527,41.969944,69.04519,0.40584803,52.814495,15.817708,6.484163,36.79762,54.58296,88.713684,96.810875,20.846748,63.761044,42.26802,24.382406,72.143524,95.04904,19.811708,12.650842,14.024133,48.86459,11.224586,82.91595,65.99459,76.07307,49.387447,91.83708,73.43676,8.085632,97.4848,20.757019,63.774193,87.30557,36.310894,89.90106,70.84881,62.3852,67.81221,39.746243,38.68422,13.459599,68.24457,97.51318,7.6543274,1.1874437,86.00567,36.33783,69.966286,29.60407,46.45873,41.063507,15.995383,23.84137,11.488337,40.899746,51.130497,29.868275,34.284866,23.880976,56.218956,82.54332,40.66245,49.893887,69.316986,81.24754,74.3621,62.110233,47.19907,87.79504
34.123947,15.355671,0.9592831,80.62596,50.240944,93.97222,9.117031,81.71041,44.803375,51.112347,76.04745,20.182728,66.44418,31.466854,94.48412,19.347286,12.197286,25.82345,73.54296,34.024586,47.744785,79.53296,32.507484,23.729033,16.07693,39.196674,23.875921,7.187462,13.205868,69.26283,14.3411455,96.33382,89.40885,19.626749,10.959596,77.07643,63.437904,38.97567,2.330953,71.567764,74.69439,39.02465,85.78556,46.96351,30.563576,49.78625,55.05312,1.1016905,70.533,13.748753,26.417177,61.339073,79.540726,40.762318,21.762854,41.938896,55.936813,49.319313,5.0777316,63.71305,16.779148,12.84594,74.810745,0.6955087,98.77163,90.99203,52.03353,68.88799,57.396908,80.42143,16.651094,55.812336,51.672,62.285988,38.10126,33.77698,25.997389,44.744247,19.257694,39.281147
13.875884,9.205991,32.862617,3.5149813,17.507982,24.402332,28.079063,9.956181,90.647095,19.168467,34.048374,42.913036,24.40688,24.56355,90.10644,91.63513,13.301063,50.535114,5.057746,37.2306,44.574272,38.969658,46.194412,80.832016,92.32247,91.17753,2.207911,60.791977,20.039743,56.469555,61.46522,51.52786,63.660812,62.641026,21.062458,67.148605,21.05741,87.34129,54.444427,97.17302,54.01247,0.2449274,42.066437,50.289886,82.22592,33.73464,25.516897,53.828705,34.745884,68.85162,9.719526,62.83068,17.780262,3.2728195,78.35847,42.573112,56.09864,19.055855,36.64786,54.15481,91.71764,5.184203,74.190155,54.1612,53.373283,49.19029,84.18884,9.169399,95.07985,74.29165,58.018105,74.41521,95.08117,14.813209,34.48224,26.625664,87.49965,39.769352,48.46381,14.936381
99.33132,19.238335,35.56478,74.88775,93.028824,92.78394,88.35576,70.46668,79.23402,26.186573,70.594315,2.5817692,1.3008714,9.9688,11.944795,71.59242,90.686295,58.783905,75.0836,61.73314,14.2412,58.137352,96.42217,39.470203,46.62948,87.89921,1.9025087,21.800972,95.82313,39.723343,30.360407,77.86869,30.71627,67.210304,12.811625,14.444172,27.77794,38.14296,49.763645,57.05807,90.29768,42.40607,57.418858,50.904568,47.702496,87.60589,63.605576,53.9424,13.737803,47.57699,85.7047,96.56824,47.668034,22.859203,15.049392,13.318157,0.28685927,3.1160235,28.6407,70.56706,41.218967,60.9302,1.9855857,86.25587,12.091028,46.34629,72.92963,62.208046,64.56062,29.141205,11.089886,83.33957,57.389687,58.61138,50.52455,20.569044,63.770016,81.501495,3.295052,52.862602
91.54883,0.70902705,61.338234,78.775215,34.02393,39.038445,25.386572,57.066162,38.3017,32.31787,48.43293,20.271074,19.123734,48.712032,12.373692,73.12035,27.415735,70.46214,48.984604,80.82917,50.006493,80.26399,88.35382,89.78612,16.977089,37.07817,51.444702,7.0869503,99.4671,70.684746,69.77947,5.5591288,18.582136,56.39142,99.57615,60.079216,56.976383,81.9384,24.353535,59.585537,71.94768,89.082146,97.41956,60.53433,82.265076,59.168156,41.219913,42.752438,21.79939,32.11246,85.749176,21.628212,79.25405,63.811348,23.683172,43.094296,34.370667,70.606865,80.20727,4.440838,42.946033,8.885592,24.381977,77.01985,53.44161,41.32311,84.05949,61.53573,71.05435,42.164265,4.6577573,45.852314,36.57075,56.019604,14.392376,4.883856,99.429375,7.041913,14.801317,35.78893
31.019508,37.42025,9.578771,45.778942,15.753502,60.59689,59.926487,48.62425,45.84223,40.496872,17.96484,6.442088,29.510653,43.69077,37.411446,10.444755,51.712204,67.434364,2.9872715,95.689384,27.896416,78.901054,6.164604,55.990814,93.276794,35.91267,38.30741,74.33695,27.120108,18.665648,75.41346,27.49508,30.182373,27.234768,8.053428,9.943592,36.46025,78.22475,81.28116,58.544876,32.382538,23.348993,71.89024,35.042088,88.47004,65.777725,53.106945,35.879337,42.94054,39.958702,2.3911178,78.185905,52.88958,65.729576,58.28318,45.020336,87.25985,76.68186,53.0634,32.93891,44.10677,39.983727,54.322697,9.24952,51.52399,34.61751,69.38511,66.36139,52.419003,86.94473,69.93712,25.682085,75.09985,96.69586,12.337864,45.596504,77.88275,38.226814,83.09783,87.05116
1.7561018,26.832872,24.175346,78.837166,22.198677,79.020676,63.367836,53.304993,12.770968,20.180351,29.545801,25.253868,98.86448,49.653774,98.23404,3.2324076,21.351559,28.656298,31.590683,27.390146,54.7385,23.08553,28.73615,53.070194,42.259182,93.46059,32.270462,59.08269,57.191753,55.91151,78.379425,76.409515,63.13312,39.425034,78.92275,62.139366,90.18645,78.90746,71.13526,97.70667,34.727757,24.81665,14.936561,65.80878,19.90413,27.225994,99.27472,60.31664,66.12566,94.607445,91.430504,44.501038,35.95687,10.066032,19.84681,89.20642,57.96199,55.243534,78.9517,71.27021,47.749866,84.966835,29.804384,78.368256,31.792992,74.59102,3.4660697,67.24438,17.224163,32.835747,94.097244,33.44111,16.964458,12.005401,19.289368,30.490477,38.993275,26.400583,78.49329,91.16222
37.683064,0.36613345,23.112656,51.72648,36.79762,46.984856,69.45496,19.008564,2.4667144,34.43712,7.904291,88.84451,31.23595,32.33583,47.08961,70.751656,35.74739,68.05872,53.224953,77.384155,47.89296,31.6926,14.009023,36.637085,7.1227016,86.44631,49.37063,99.895966,77.26754,3.3633351,72.874435,80.51374,7.6000333,99.264885,56.762802,23.561102,68.31624,14.787936,88.46996,0.47574043,94.149796,95.16886,9.133726,42.483692,35.96167,95.39421,66.33889,84.443535,73.98199,9.140664,79.308685,28.748299,89.57573,48.51299,29.333294,57.598774,28.182905,80.231224,39.766014,4.6356797,44.232704,50.19933,75.869316,34.701,80.69647,19.200104,66.65965,97.31591,59.437412,50.01422,59.24648,97.05228,3.107369,63.072468,55.61767,26.888424,61.06885,41.653107,36.081062,11.239356
8.280796,66.7746,40.38442,8.814753,41.439674,89.76458,93.719795,94.77118,26.636236,70.77929,31.252676,22.590017,99.657394,83.384735,81.44166,12.342745,77.68048,88.08684,19.236057,9.92549,79.882904,36.11958,38.321896,55.694748,46.397556,73.88709,24.060947,17.764967,88.617516,68.539986,31.823868,19.901579,49.191113,76.8923,99.311134,94.13363,23.809492,89.210655,95.50057,39.408707,27.297264,22.600258,46.43705,78.118904,28.356445,37.356777,81.62933,88.253494,36.9337,45.64158,30.845732,99.20846,88.49002,62.378723,25.169384,80.64209,14.923411,70.8847,37.916214,15.761339,33.564514,93.25759,49.1234,30.418074,86.12912,41.116478,54.53913,77.56412,57.931126,94.35116,28.200823,40.946915,44.757183,2.8859258,12.658286,93.22452,77.86479,13.161802,67.62169,0.5535722
85.43719,91.49324,85.29562,19.580864,56.920727,0.36533475,46.966553,52.888893,81.9565,1.1255682,82.67016,67.35659,81.6328,22.721165,25.169193,96.46362,11.626137,86.78577,56.27523,34.964592,46.126236,95.441826,2.0654082,43.077267,1.4776945,20.929695,82.15735,40.667145,9.002102,32.181477,84.35237,30.982185,28.83795,19.622236,61.143852,22.222912,18.761366,48.010315,9.379774,45.361786,43.301033,60.54188,43.395416,12.703234,65.07128,53.57363,38.884933,46.064682,89.71539,38.30793,57.413517,81.33574,2.3371994,47.09153,46.600945,40.52517,2.5255144,41.37423,99.51168,49.034126,9.327936,44.9371,88.607925,68.41368,10.656082,89.127716,18.763346,49.698647,94.01304,91.2381,63.364105,83.79894,39.09875,37.8495,14.568072,10.422736,26.305378,52.279026,39.54478,30.467064
18.459547,49.841064,49.231804,66.41694,83.06281,32.437653,54.133564,6.5309763,16.947472,21.287304,66.33553,9.761983,19.487595,44.97205,60.651875,5.5768785,90.63257,81.32287,97.17103,95.02884,38.97255,33.181156,37.97884,3.3327162,7.274282,7.287812,32.15078,89.3542,19.478136,65.293976,53.905327,31.206972,36.618763,49.303074,31.853611,59.735638,68.68456,19.899649,14.382256,41.034256,15.786284,21.06569,53.245903,36.11161,22.448551,37.812378,19.364536,18.977589,92.21768,93.1584,70.622696,75.21704,71.50405,40.972572,89.218666,50.775444,18.621254,20.187742,77.94152,77.25615,99.88198,9.31735,21.853203,75.38497,24.459415,43.70913,69.47587,75.109955,45.183575,62.51069,90.047874,89.561066,16.7369,39.167213,9.094095,24.096632,45.62755,15.005464,90.89839,82.0242
69.19999,16.97414,14.973486,69.22863,21.701252,60.11681,14.860498,82.60829,43.52895,45.367855,6.1879816,56.46144,51.281136,91.61803,10.568255,9.143209,48.70345,35.837357,80.362175,84.604385,36.2481,89.82747,83.41775,82.81445,85.44353,20.670992,17.462927,65.364876,25.90828,83.23687,80.84911,61.356415,41.476048,56.5787,33.80395,70.42312,57.94027,46.438534,85.32589,8.673316,0.34962893,8.3586035,42.467564,96.48526,1.1246145,10.440737,57.2024,79.34567,1.6183257,2.2226095,11.601746,71.93855,35.771744,42.41811,43.985916,46.967995,43.437206,89.665665,50.429554,62.032955,87.54972,98.5253,99.942215,46.37712,49.960625,29.657381,94.31183,3.439504,38.323135,65.6096,40.559082,31.568563,35.40647,79.4547,4.833019,13.586336,73.64983,85.490135,90.07406,73.46165
84.24763,82.47835,48.633904,75.3492,90.74223,98.92823,67.08898,34.662533,32.714134,55.465866,69.59388,93.474,82.98509,55.495613,93.23532,61.98739,80.63766,6.50807,22.969336,55.534786,37.511887,10.254145,2.9206753,31.746357,84.64212,60.595585,97.22368,7.281166,30.876945,68.492874,78.37827,67.65224,83.782265,29.946661,9.538269,69.90523,84.52084,45.72507,33.55763,26.705986,86.95445,42.65679,24.372643,85.0585,46.511414,81.73007,22.836054,14.524537,7.751751,35.105366,10.946184,72.37557,98.95328,84.631836,56.09696,48.314697,66.90787,21.074104,25.142378,23.811459,51.493652,83.837906,60.412388,33.060055,95.07232,73.67647,74.090546,39.275898,70.51243,39.119785,40.383713,54.476295,59.381805,94.96684,97.55912,28.848272,10.8696995,87.197655,54.135567,20.903414
6.1403394,2.4927855,79.298164,68.28285,62.494175,6.899208,40.02479,5.5417657,58.89347,32.07318,83.59791,96.56466,97.63076,49.294823,0.3174007,50.30202,36.279522,41.729717,97.583916,86.95214,6.2260923,10.167909,72.40302,93.02754,57.26344,2.9684544,48.14843,6.243539,36.715836,18.761475,95.557686,70.96074,82.70647,82.50309,53.921364,0.9298563,17.387533,78.94913,11.832208,35.06356,1.6975939,50.03075,67.31318,13.447613,19.5283,26.810425,23.334896,82.165276,8.67033,95.81584,59.41608,36.920982,37.726517,62.04782,64.9936,74.89911,33.050938,5.607021,1.428473,62.583195,4.981959,69.7644,41.823654,73.00259,77.03217,19.806755,0.27202964,60.493053,30.688953,73.828445,22.794544,43.794685,89.038864,98.83269,53.198994,61.213303,48.092304,53.38329,79.57965,54.506226
50.549633,27.25426,96.44194,73.79314,84.47582,10.017479,7.789797,74.62802,82.16162,15.557951,36.33651,83.6981,22.128576,94.69268,70.73259,32.554985,81.132545,0.288558,67.85202,23.256302,1.0439813,90.73366,61.30628,77.54222,87.10751,0.83396435,5.09336,96.74084,25.342184,2.016592,86.32784,95.35272,35.335125,64.26504,71.09186,72.38366,74.56617,13.949162,39.41181,13.964409,97.40051,18.411863,20.081335,24.417555,88.287254,78.91785,43.45743,14.317685,28.350365,57.752274,94.45993,19.66808,87.86591,27.584808,11.868435,30.322748,36.05778,6.7079124,50.766575,95.2684,22.748745,22.74893,98.82087,82.209366,63.772243,40.587635,24.255573,66.74578,80.34287,53.442413,83.211006,37.7901,30.022991,95.68785,40.031124,39.028954,78.293945,13.516599,58.356644,37.321007
1.391381,66.95356,20.207792,66.85185,65.904305,21.177446,80.091644,49.382484,83.14075,74.123535,81.19179,25.579483,97.46282,13.763374,59.58481,47.56593,0.28976798,75.42784,62.93176,8.657848,4.418248,95.51507,74.0307,10.740286,7.438016,21.674973,82.866844,63.69043,85.61294,25.168913,8.301443,53.285797,9.500206,72.96084,61.303444,15.569603,55.204075,4.9127283,33.714813,85.92056,97.47797,45.25104,22.081303,2.1420896,36.434547,72.574585,76.2655,92.60888,3.496039,14.732784,32.643158,65.56338,66.076,4.8724117,25.98272,84.52838,57.552017,84.10175,11.001337,0.7967353,79.151436,11.134201,91.51874,58.186573,84.77686,6.844449,93.59849,61.63843,76.455215,34.10566,9.639442,41.515427,16.475613,73.09546,27.688444,64.20121,38.423233,77.29409,77.979294,59.136093
0.8157909,83.79407,24.617374,7.9642353,38.06626,46.754498,91.23947,85.97397,89.75337,78.633896,86.26402,55.298214,22.964733,29.30568,25.949604,87.01774,47.633926,37.69385,95.901886,71.80032,81.733185,28.871418,36.979538,60.25431,73.879295,46.658367,46.875034,31.82432,83.89788,47.973633,0.17929077,9.6746025,57.267635,1.1790752,67.7333,36.266994,83.79128,32.361515,59.841686,75.733864,82.53754,27.200068,90.8512,72.972885,8.852082,93.34276,17.123466,41.762978,91.3943,10.962945,3.0592024,74.045006,10.62985,84.58987,26.12716,16.565926,59.4695,64.927765,11.444574,88.90003,42.828346,38.026707,48.037403,65.801575,88.38213,3.9903343,55.233128,97.08231,44.881718,56.857384,50.52181,27.736355,27.772797,70.14586,95.54198,30.651676,51.843105,22.881676,29.547846,2.5676787
36.029648,23.143518,18.79744,62.385983,21.77512,99.948135,73.83362,48.756207,60.397675,9.696073,96.74095,43.089912,70.36706,5.7281914,88.34188,54.668312,67.26051,34.453056,56.200035,38.977535,29.163546,79.951385,42.542965,79.3185,81.60664,82.2158,25.17988,28.396744,98.5749,98.824135,11.613769,72.11461,1.03935,82.76688,38.335514,66.089615,49.749172,72.561356,34.306263,88.2472,34.162838,67.20625,4.5128584,12.733346,40.421425,15.792102,19.910526,13.727456,75.77403,37.830807,61.801445,57.682373,49.015587,99.057945,98.55358,2.0665824,72.01275,62.363583,71.42,33.63297,98.5597,73.704185,24.016773,3.2026052,47.470253,7.73353,30.760347,33.35741,37.385296,12.171489,6.3209,34.51908,63.228977,48.62604,18.043756,90.7056,67.116875,21.027464,72.51953,3.6632717
49.9039,21.669239,16.297972,80.74772,60.11773,65.03459,28.457611,43.359722,12.978613,47.390335,2.7418494,27.232534,88.34327,87.133095,21.693575,59.528465,39.076866,8.971012,31.16861,79.46138,93.46339,21.424353,86.34986,25.755316,41.282917,59.35031,79.54754,35.228954,64.150444,74.07234,84.347946,79.52506,69.22192,26.368034,82.817924,41.657574,50.589664,90.49793,44.30043,88.61653,75.33381,99.411064,21.72777,1.5526533,38.553764,36.322506,39.27432,59.671898,72.622314,10.419875,92.57405,49.332554,25.794052,94.224686,37.705685,55.190895,41.132927,67.1316,39.829784,37.63702,92.03509,19.205975,7.9377413,70.06375,40.51166,57.080883,93.89748,93.394135,30.520338,0.71789026,56.170307,94.24498,64.21882,17.149216,19.607014,60.42642,13.8413725,51.685543,30.05048,54.283672
27.319836,55.34778,47.580463,44.602573,99.693344,81.66938,25.700384,83.16376,14.247865,19.038677,30.214613,17.09211,43.23453,14.239001,94.669525,15.271497,25.530344,26.94369,36.78646,11.455965,71.887985,77.089935,59.115498,41.29535,53.194595,21.05934,78.06546,71.10676,95.70849,27.516222,8.458394,86.47683,83.41498,48.991657,29.820324,65.09848,71.8481,75.55884,68.82042,94.86927,71.93702,57.24333,6.7372026,92.2558,15.188795,32.48188,7.753891,12.124557,62.91126,61.630787,23.519785,36.3293,48.870808,43.18552,61.077034,59.816277,24.992615,62.27792,68.320885,18.16355,18.230556,57.746834,46.07839,85.42105,59.908325,87.52811,5.1589727,14.790588,49.57195,59.486473,55.917202,53.817917,98.17052,83.635216,16.601933,79.912544,21.230333,94.79139,13.738352,18.52916
34.206886,15.23937,95.75445,5.412507,28.548258,43.380634,1.837033,73.914,68.90568,5.4022846,97.46395,9.333801,66.66749,26.783531,71.14957,43.140125,21.418917,23.371815,62.66448,22.193455,25.451893,77.506256,79.413315,0.99601746,44.040413,23.264843,36.906128,70.54652,89.39081,81.695244,2.529937,65.47057,24.072605,47.502033,14.3722,24.393637,61.99295,64.062454,12.982726,17.51467,84.819244,35.09766,52.064735,83.32505,88.96578,5.4200354,21.600187,24.5126,4.188305,16.802168,15.343123,25.220049,37.38556,70.37851,34.524303,49.729652,53.86234,36.614716,35.62943,30.871487,99.09845,75.594864,85.933395,27.365286,24.591034,12.327385,83.84787,28.081108,25.75323,47.414124,68.886055,70.82979,43.88346,36.53237,89.044945,69.5718,70.15118,1.8294632,1.593703,60.47548
11.22517,23.91795,60.64049,70.488945,4.009044,29.39369,34.496063,26.251667,72.91785,30.69855,4.888815,83.31382,5.7661114,83.046295,24.705034,0.6162822,33.73699,7.6688347,61.383224,80.68754,63.726322,47.777695,78.69891,67.52483,55.825764,99.64113,23.815739,49.9451,19.612003,17.634237,91.59038,74.43108,26.590628,70.92018,50.708168,77.08477,85.515396,17.774439,91.85795,5.971813,86.83732,18.988663,16.459227,12.44871,3.2698452,87.119125,34.122173,40.371483,97.98311,36.721508,0.8065343,65.56666,79.42213,80.595146,69.36403,22.5909,92.90413,97.216484,65.681145,72.41531,21.273136,59.054207,61.9246,91.85708,98.824104,64.72308,22.436142,14.771652,19.863737,9.65563,15.691418,95.45001,42.623543,80.17145,49.559803,48.38938,74.31824,79.83374,18.068224,5.485302
49.04601,30.447256,81.237724,14.403397,28.617657,13.927573,9.641415,30.919588,20.500946,86.82833,50.507153,66.667915,96.66057,53.1328,39.897747,83.119514,43.5099,89.893166,37.250732,46.65985,84.37897,96.642624,74.91434,10.072762,1.3158858,65.73101,40.905796,77.12956,78.71223,24.676466,81.6334,61.683273,84.77318,81.427795,70.519165,25.857056,62.402046,52.552425,25.15052,86.58091,84.35751,86.571655,20.65639,11.672491,30.856598,19.041384,80.386696,89.489136,14.984298,41.916454,80.67821,86.32554,32.74213,11.947608,77.58091,97.43263,72.295105,6.3609123,7.0260525,27.838963,29.495674,99.19303,72.231064,92.92991,44.170414,39.04601,73.412094,23.657625,70.61227,64.63899,54.427944,72.804405,4.449165,74.6423,2.18845,5.2048206,11.345661,44.461662,89.96802,82.360695
97.18339,46.793777,71.67401,19.383652,57.371418,22.104078,16.197235,56.41092,79.228806,67.203995,88.846146,87.11198,6.9964647,67.66005,99.22964,70.999596,26.569939,15.995323,14.558607,4.1552424,75.659355,1.0019004,96.000824,72.66332,25.501019,62.74091,29.32583,85.3221,29.750782,17.046303,54.557686,5.675447,63.63144,16.964281,31.717604,39.51388,27.19376,36.25945,29.052471,1.9634187,7.6574507,1.9204557,68.53713,90.16945,60.758293,33.834656,82.10027,33.2506,4.939085,56.117256,6.2093854,23.322714,26.74542,56.932766,96.4758,50.46197,74.144325,93.304955,66.1855,53.791267,96.46066,60.957592,20.566523,51.546776,56.569946,93.557,63.67293,48.939842,50.80703,83.04576,27.565659,25.609297,84.2211,55.583878,8.629936,39.013546,49.363018,23.782248,77.079956,18.602335
83.32965,13.5670185,50.71693,73.211235,44.471115,26.610023,29.643642,53.82614,72.71352,10.568971,75.776085,51.470512,18.147356,28.48428,79.57118,19.0889,35.227257,24.970568,90.41453,73.36128,15.032941,5.0285635,39.64811,1.6231179,37.52668,66.40553,63.39535,97.53586,68.14372,48.78239,32.350437,11.715567,48.46788,93.307365,27.794493,97.85921,65.83382,0.086820126,16.599506,86.496704,59.683765,55.452812,86.2607,35.643845,88.17461,96.7365,6.500822,6.4487576,43.22888,31.781029,3.2192588,41.33947,48.86052,20.733856,19.081514,88.93,90.65594,16.286737,12.489664,13.578492,14.788305,98.31283,21.732605,45.375896,65.48502,2.9304087,16.540628,98.65416,39.61646,52.85705,36.878754,1.826328,66.74927,34.2781,4.4853687,9.308809,39.896797,19.41889,1.33937,86.04099
45.14839,7.977855,69.92364,78.1357,62.780197,4.2532325,70.91156,78.70385,35.31401,80.19931,66.86593,17.948395,42.833782,13.111615,6.896627,11.080283,67.78858,65.80771,2.229309,79.147804,22.166914,77.99954,80.60849,66.97927,2.5421321,11.3128,26.77313,52.41735,12.848532,83.68172,84.34341,12.98604,82.19892,8.527976,52.846813,64.00292,13.50854,32.42706,42.857265,37.66879,37.618572,24.394262,96.95082,50.384754,53.05114,88.317345,78.08763,27.826702,91.074135,45.5684,17.865759,79.324265,23.568047,10.900325,91.67464,47.83439,92.99184,75.14386,96.98369,5.0697565,81.82482,22.050268,94.775696,16.75139,97.06534,73.268036,86.47918,6.9304943,44.10363,49.60589,32.73591,97.10365,25.52967,3.4384549,33.087147,62.47949,72.72087,56.68758,23.367054,19.106997
1.4777839,31.905449,70.50785,49.321335,54.19838,96.55305,51.90471,64.59115,28.325356,28.878052,61.838753,52.66179,98.85193,29.432243,43.154324,25.995934,77.877045,37.124687,64.936584,79.84203,49.47102,99.98986,61.90358,37.549614,7.9201818,6.0795364,88.242,47.550983,72.79912,1.8953323,76.36958,48.10273,67.86931,37.710083,2.353114,12.60497,21.683407,49.437534,56.266148,68.0789,66.70794,54.170883,73.51297,62.984856,98.04879,35.20337,67.01748,76.61745,71.321335,76.66309,89.180176,72.24645,17.26036,77.54638,64.71133,19.220997,75.28682,99.938896,52.9805,47.470795,72.974396,51.90369,92.575745,61.08429,28.2858,57.53429,36.591442,68.59682,28.237492,55.976433,29.080326,86.769135,44.524467,99.08366,89.49052,25.27941,13.379127,80.371056,40.203835,53.003216
14.897471,42.963505,24.001902,6.3420477,94.15262,43.505806,43.976994,8.119118,32.101852,25.032795,12.705147,86.4436,84.61503,2.4186075,4.100132,89.01303,0.5060673,37.38149,58.023346,84.754906,18.396414,69.57001,31.252163,94.49101,43.301437,39.76866,19.687235,41.241367,59.29411,49.81627,85.64858,12.483746,38.31128,30.825943,14.775568,67.5738,27.537924,61.435287,42.472637,47.849335,10.805422,86.12161,37.160866,81.740234,41.607136,20.419771,2.995199,57.34659,86.76557,5.825281,78.44387,28.107483,27.140533,48.209076,8.515364,48.849876,63.269592,65.98246,70.83853,17.981743,24.265713,9.613407,41.695084,42.989647,84.01049,34.30307,13.973594,99.64369,32.584076,99.8908,80.42757,27.141184,17.438442,93.88722,92.20561,81.38382,69.083275,77.76959,3.070742,54.04729
22.612011,16.456383,36.79215,86.23992,78.40862,84.666016,30.693268,50.349003,53.56717,40.427338,38.15274,12.939358,27.21064,99.42844,31.922102,3.9115965,96.860596,38.561142,67.44935,13.974274,34.69565,52.647175,9.047031,93.071625,58.916195,4.9384537,23.84665,78.789055,40.0417,64.90038,30.229002,5.7937145,19.901567,51.657604,84.066536,27.73481,84.00222,79.26395,71.975365,72.21442,49.083786,81.92085,94.23024,80.74665,86.804924,29.99506,88.48674,0.16348958,32.96142,98.069084,10.485143,63.625217,37.36369,26.506382,30.046528,59.991474,1.9424915,10.64474,64.54239,54.35465,69.856255,34.57955,91.31533,12.395346,53.93572,37.70705,3.0054092,52.06512,92.88072,5.2240076,82.209366,10.922813,63.944904,22.39349,25.248135,72.048706,53.6891,35.66903,78.98296,39.44862
37.604206,51.115726,23.605776,31.66312,65.40611,46.683865,31.201708,64.15486,13.564486,24.797857,11.769938,94.00881,98.676895,25.753057,71.48454,89.41039,44.73871,21.209341,12.533593,78.94055,40.84707,16.590809,99.209015,7.432699,91.636986,87.71451,64.41055,34.27531,55.564064,32.060604,86.81568,22.729074,42.36948,20.655107,98.15783,83.98436,33.598663,29.773008,87.91395,14.051944,33.36813,20.10178,28.858208,34.707962,11.7208,17.466873,10.082901,68.9667,82.475655,56.855064,6.9743633,27.106922,50.62396,48.735928,52.07737,89.11855,61.773216,52.34587,72.66463,64.36617,5.1774797,28.745132,95.090614,17.89822,31.365383,51.479973,61.654465,36.591125,90.69651,74.28776,80.79151,86.4446,27.314192,63.490677,18.086672,86.88846,47.45416,62.866627,5.0456405,8.785802
47.011257,56.508263,80.02714,32.598774,32.320847,61.439598,5.5458546,82.40816,3.4998894,17.824245,16.682022,63.449287,21.200901,47.051723,24.019611,66.6563,26.606739,33.723324,12.885916,87.32048,88.84652,18.78333,79.24638,18.105389,73.215,0.2750516,16.049736,83.87153,43.664543,53.275375,95.81023,59.410076,71.609116,49.62209,83.51074,56.445045,34.29146,74.55049,95.32884,46.123062,65.54341,65.07124,94.10614,43.472393,11.9974375,92.9301,71.841705,74.58917,42.53468,62.688168,16.795588,62.02667,28.39008,17.555082,41.10663,43.259502,27.851665,37.115944,61.286777,8.221304,71.423935,62.349476,74.745186,39.633083,0.7717252,4.9825907,70.872345,31.827879,94.38195,46.22363,4.4938984,75.52216,42.897892,30.53171,56.06497,35.78755,72.28009,34.895493,9.259743,34.45018
59.676964,85.005325,9.12177,25.216478,28.056562,83.915474,78.24453,26.729965,25.732124,73.82735,84.17773,45.055996,6.9423494,20.312584,77.09451,70.13295,92.22106,63.780617,75.46195,0.69456697,41.56973,43.736446,30.847656,27.04842,60.153423,56.140137,76.94947,51.688915,42.660713,37.05178,77.39267,32.645123,67.44884,81.119415,60.805004,5.1377354,70.547485,51.04917,38.220203,42.785854,59.4896,34.00665,69.104355,12.312132,91.31211,68.26782,99.43782,15.308916,13.019789,34.011818,73.57262,89.822624,97.99283,56.882923,95.33729,13.778639,61.464954,63.115234,21.457684,44.90351,82.08956,97.19263,39.243435,88.92037,26.09458,34.102905,52.161045,83.32093,73.51119,0.44630766,51.940907,49.69372,91.92186,44.493305,38.87714,17.961996,28.142727,42.587997,96.66601,83.321045
79.8331,96.20481,82.24619,76.33797,31.370014,3.945887,41.467644,21.576483,57.161736,99.58261,58.90441,26.035261,3.1855226,39.980843,34.682476,79.25411,97.76967,34.798386,6.8194447,98.57397,35.908253,7.91378,97.336006,9.972101,49.670975,13.655538,11.427795,94.18415,69.0864,39.384007,7.4725986,34.332993,93.331184,70.477455,41.84477,92.6862,7.8113794,80.247444,75.73397,95.94852,76.99753,12.025583,74.79654,78.962036,20.456923,15.205801,88.94689,91.95069,96.76354,73.28883,35.427822,15.430045,9.767401,57.164764,29.047472,6.34914,48.54378,58.50522,78.76736,58.48711,37.254208,9.051359,58.360706,46.957924,16.732323,94.921234,33.38766,21.057117,95.0197,99.277504,99.07028,49.60342,80.04127,90.56409,29.673964,29.18592,61.412983,51.11903,24.6552,66.938126
8.8630085,66.69614,39.121647,7.0486603,47.33217,70.98632,24.136103,3.4233868,0.4729271,30.640865,58.209984,51.786087,38.522785,30.89478,96.16562,92.907585,48.486614,65.31381,80.65414,27.262205,65.88233,76.40044,79.31335,40.714325,71.20848,38.06175,15.216171,14.136505,90.565895,12.8479,27.337742,68.26868,29.856258,73.30763,22.759766,2.569729,73.59811,9.985089,93.8033,5.0276637,52.11857,91.01877,65.86229,3.4329414,10.731781,17.830992,99.09298,69.84446,39.100285,86.15967,87.05166,84.06537,52.453743,5.139881,14.682299,71.88425,74.43327,13.061065,57.61444,5.4273963,96.32352,15.887451,14.482718,39.822624,73.17756,43.030857,67.92549,48.920834,34.240658,88.91118,11.128503,57.296078,5.110669,83.55221,62.378407,73.19917,60.771854,1.1695743,16.272676,42.43707
2.1006763,83.05882,57.2498,33.96671,0.3287077,76.04166,38.273907,59.81469,12.480963,96.54671,18.209637,33.065807,90.77269,44.670326,58.097786,94.215096,96.69249,54.17636,15.693307,37.077606,68.93361,60.560123,4.8222423,47.434204,67.931946,57.53885,20.980555,20.212114,39.563293,45.472008,85.82825,41.61841,69.14184,26.403845,53.579796,41.43951,73.40607,88.11478,13.573384,25.677341,43.401295,32.53696,41.39567,61.615253,72.35322,26.214855,10.78738,84.906075,98.62386,86.568665,9.161228,42.777233,60.058235,17.252981,68.99482,48.192303,89.44141,88.91622,67.74534,48.84419,4.925287,43.488777,81.461975,72.04746,39.250732,16.404766,37.19968,84.62027,59.043186,2.8506756,70.98093,56.18889,3.6223412,92.50324,99.78856,68.311424,1.4224172,8.851248,85.34558,11.513477
32.618256,80.98538,45.748764,31.685066,6.8029823,59.894592,38.940586,58.04173,24.038565,50.345337,44.155617,81.55533,22.335833,41.174644,37.55561,77.773926,72.21409,79.44229,44.025105,36.45188,23.600965,90.820404,35.353798,85.388985,7.6850057,13.617844,86.66111,73.13112,38.710327,96.02592,37.86464,8.329445,91.953156,34.9244,89.26055,79.01438,74.65388,84.609886,82.937904,87.05446,78.46822,80.122444,41.918,8.688516,53.582214,42.78203,2.786702,16.105944,76.10585,25.749075,45.425713,85.27998,68.379524,20.850159,94.56408,47.121346,54.618107,60.82969,5.643278,70.81439,96.66553,85.18392,4.359126,66.03965,12.884736,84.6992,91.715515,53.599262,70.27546,36.958385,60.06468,38.485725,90.26592,99.91887,60.045975,65.21841,83.30216,46.032516,72.260544,89.68108
38.955284,18.419075,43.687218,44.902355,35.944492,41.774715,59.072052,48.217903,90.95417,62.76826,7.68804,14.839739,53.691586,61.729534,40.9057,36.645813,47.136288,23.862368,74.94179,16.420591,91.78244,83.72683,94.02954,36.059772,87.84401,31.34904,34.20869,84.45315,33.415627,57.3665,48.157753,86.74037,54.555683,3.7451327,52.239025,4.071498,16.843945,6.7691565,62.515144,12.386203,80.385765,71.47572,25.303024,3.3524156,81.274155,98.06494,17.29852,71.591286,53.527206,7.9571486,21.93715,83.58518,4.4018745,52.299847,13.018632,46.958767,82.21828,61.366592,88.3453,78.68927,15.447122,37.27092,78.897514,79.60544,92.41372,52.884586,10.647535,65.450356,6.7159176,90.25865,53.312576,44.799786,30.062527,95.96699,54.047672,17.04598,33.99865,7.7070656,14.22022,43.08982
58.74267,95.59717,27.995098,3.7580252,91.52607,87.608864,5.5580616,50.514816,40.375347,6.488621,58.544975,96.819725,70.73879,25.685167,26.816357,31.35885,61.83939,64.85304,84.37505,24.021059,63.786583,47.406364,27.285599,67.39183,23.52875,59.618153,31.296068,58.99682,52.458584,4.4825196,73.92861,98.657394,37.243896,75.87426,61.596634,0.047653913,31.156033,76.659035,42.391937,2.6050746,90.280525,25.848024,39.192562,8.895027,48.554016,97.485085,14.362663,60.72752,20.176643,80.846306,99.30435,34.94693,16.759073,66.17948,51.293343,74.851814,10.301674,31.38281,62.265366,46.45191,29.054523,16.80066,54.458916,98.84724,60.31909,32.094448,85.06754,26.34468,47.735603,90.634384,14.376039,45.750046,7.5264273,33.07402,1.3798058,67.63756,72.07167,98.0451,98.806725,15.169239
75.174545,59.890385,61.028755,20.887512,73.09286,61.99342,27.884329,61.32536,2.090329,80.83669,43.30987,4.5696316,86.68363,7.0047975,37.341667,88.18788,64.27493,91.842,85.00145,88.11339,89.376144,94.58102,36.387146,14.914971,33.622128,57.000755,33.582253,96.908966,42.271034,8.878481,25.466454,2.162391,31.499165,65.819626,8.908022,68.76676,77.673805,64.93405,50.96356,67.81719,25.655025,7.050318,32.48074,12.113773,20.319921,45.80151,38.836235,49.32449,87.76873,13.371682,62.448334,77.636475,80.47196,74.668465,67.247925,89.01433,75.922966,1.2040496,54.601715,57.130684,29.707294,93.355736,9.44873,28.698689,31.386024,15.583033,54.889698,65.99438,71.87487,49.558174,2.4752617,0.2972126,82.30751,91.28977,17.351257,49.10059,51.48503,91.7681,74.67999,90.363106
28.281223,58.329056,32.86879,73.71298,99.70623,33.029167,95.66751,38.119484,39.201015,52.36627,48.774475,37.6576,4.1776714,72.50108,95.90633,98.97917,39.433174,38.87861,57.096153,26.140202,3.0073524,57.27204,40.101276,68.5097,64.051674,23.545677,30.107832,96.399055,45.60972,25.93814,28.35304,15.41822,67.72998,0.7989645,85.8539,55.809235,33.447605,0.17607808,42.197693,16.369461,38.856094,87.46931,73.444954,26.104862,52.2782,80.86716,48.810547,20.313168,21.534937,99.11592,78.17727,54.061836,34.16285,61.287994,25.975025,95.48564,76.36495,52.89024,59.906536,37.28419,42.28589,91.46522,72.858635,28.363335,17.2234,22.682117,54.610657,82.663,54.537495,14.998406,27.204668,50.584835,45.76749,29.81571,88.70515,4.6277227,32.851093,52.48768,18.23936,67.22056
67.95622,25.70675,78.4287,0.4852891,4.445773,24.159288,46.41111,47.75819,17.620314,11.662424,12.495291,10.94352,48.409336,88.3647,96.01922,19.784748,30.955399,45.39979,45.213108,85.34075,76.46787,22.335428,54.85652,74.58473,12.786257,3.8779318,59.399616,23.15464,20.3228,86.908394,36.181305,53.737003,10.547513,7.683831,93.675804,56.038803,89.596535,97.893005,72.6506,36.28125,65.14887,63.481247,67.1017,67.93669,44.21304,73.3337,79.288025,87.13835,39.24067,47.92667,75.61906,24.74798,32.949776,38.128513,63.126247,59.206993,32.86814,38.97568,79.396126,99.57339,85.93259,45.29609,90.85491,63.922386,84.10044,98.64779,47.923172,34.7398,13.005328,16.641062,12.621832,38.051163,17.943144,25.08723,80.58648,77.6082,52.19114,14.649206,80.07638,38.109676
50.69059,21.151823,74.452415,63.592793,32.872425,32.1512,89.81044,88.031425,78.84715,71.781425,68.12187,96.87036,66.851845,26.625687,29.543776,90.57239,81.84402,83.04215,50.769764,96.93493,57.11657,31.96941,3.7169755,88.43154,46.000927,12.011946,88.86255,37.453194,18.913483,52.144157,67.596596,27.176958,73.52976,8.567762,89.551155,2.8024435,40.65293,78.31741,4.563582,28.806204,74.84974,97.654,89.36539,27.222979,73.19395,73.94553,39.947296,32.133125,55.081463,53.75648,29.589754,61.693268,25.223917,40.70532,96.58407,94.181244,96.309784,58.075695,55.579685,34.43648,59.73085,12.261879,62.220486,75.37738,6.053138,83.28769,56.28097,32.39315,31.976658,22.56785,56.947975,50.577366,49.349606,20.800383,42.344048,33.045216,82.91477,60.72077,60.04698,97.81896
6.9676695,51.057686,46.478867,58.652634,3.6559403,55.362762,79.93483,17.185425,5.472165,58.713318,18.074877,8.264613,16.370779,28.188467,28.353495,23.276472,46.223824,11.3907995,75.614426,46.79295,74.92823,18.33443,90.49932,36.521496,19.863146,53.26551,75.03718,94.98624,74.60387,7.254851,66.48843,70.933426,30.427296,12.849373,49.966484,69.31902,74.35244,67.145996,96.36795,78.88976,68.97116,88.12812,80.58823,66.61109,77.42398,15.063387,70.82451,67.14055,70.411476,51.59576,51.975853,74.617676,86.5131,79.58291,72.80783,42.48144,59.285492,12.750321,69.78482,16.882235,48.16616,77.18916,91.47888,80.39327,40.2135,86.25942,11.493259,7.819164,27.831352,51.53121,99.20815,35.437767,17.076885,40.273933,4.744583,2.294749,11.721468,50.268143,84.79121,28.312332
31.27132,41.262306,40.851803,72.90013,14.569789,1.433593,91.615105,51.205242,93.86722,69.25783,51.15214,37.661278,83.39439,4.0807905,18.200476,30.455648,49.107258,50.55559,96.65442,91.10622,26.54627,66.426315,0.3607452,73.51125,47.393448,43.665295,47.300648,62.411163,64.602196,8.793127,9.161115,5.7897034,24.763828,18.720924,56.16715,35.7723,95.072784,98.360214,66.926506,72.28814,82.831635,90.56742,66.05937,20.201374,86.43208,98.05842,4.739028,38.648384,38.25733,1.3893187,21.208668,48.61859,68.63465,92.90885,59.18191,76.87391,64.046585,0.015747547,95.15788,19.417303,67.07145,3.6825597,33.52822,62.007557,76.31496,31.930727,87.42683,67.60072,34.82596,9.966904,29.139233,37.817688,29.632729,36.537163,86.17752,67.141624,74.127235,82.55631,86.528534,31.903416
